NodeID,constellation_name,EnergyConsumption(W)
SAT-90000,cloud_synthetic,0.031868053333333334
SAT-90001,cloud_synthetic,0.032157740025782804
SAT-90002,cloud_synthetic,0.03153437333333333
SAT-90003,cloud_synthetic,0.03156411057167151
SAT-90004,cloud_synthetic,0.03184833889884819
SAT-90005,cloud_synthetic,0.03155765333333333
SAT-90006,cloud_synthetic,0.031865832055114854
SAT-90007,cloud_synthetic,0.031868053333333334
SAT-90008,cloud_synthetic,0.03153437333333333
SAT-90009,cloud_synthetic,0.031270533333333336
SAT-90010,cloud_synthetic,0.03170171138099372
SAT-90011,cloud_synthetic,0.03184477333333333
SAT-90012,cloud_synthetic,0.03232196429145616
SAT-90013,cloud_synthetic,0.03184477333333333
SAT-90014,cloud_synthetic,0.03110521941625614
SAT-90015,cloud_synthetic,0.03146453333333333
SAT-90016,cloud_synthetic,0.031868053333333334
SAT-90017,cloud_synthetic,0.030936853333333337
SAT-90018,edge_synthetic,0.031965238095238095
SAT-90019,edge_synthetic,0.03182666666666666
SAT-90020,edge_synthetic,0.03216847619047619
SAT-90021,edge_synthetic,0.03229216026656559
SAT-90022,edge_synthetic,0.03230704761904762
SAT-90023,edge_synthetic,0.03185439578789404
SAT-90024,edge_synthetic,0.03211865606024178
SAT-90025,edge_synthetic,0.03235054328936477
SAT-90026,edge_synthetic,0.031965238095238095
SAT-90027,edge_synthetic,0.03230704761904762
SAT-90028,edge_synthetic,0.03230704761904762
SAT-90029,edge_synthetic,0.032310447594417806
SAT-90030,edge_synthetic,0.03216847619047619
SAT-90031,edge_synthetic,0.03189198540982832
SAT-90032,edge_synthetic,0.03258854004289986
SAT-90033,edge_synthetic,0.03145714285714285
SAT-90034,edge_synthetic,0.03225161904761906
SAT-90035,edge_synthetic,0.03246728995669639
SAT-90036,edge_synthetic,0.03239698283724262
SAT-90037,edge_synthetic,0.031899280326836685
SAT-90038,edge_synthetic,0.031791630999346975
SAT-90039,edge_synthetic,0.031956689970580106
SAT-90040,edge_synthetic,0.03193752380952381
SAT-90041,edge_synthetic,0.031460928774392743
SAT-90042,mist_synthetic,0.04002169772786425
SAT-90043,mist_synthetic,0.043774854137311615
SAT-90044,mist_synthetic,0.04091228048872799
SAT-90045,mist_synthetic,0.037510258503740235
SAT-90046,mist_synthetic,0.0389624657066745
SAT-90047,mist_synthetic,0.04043529565112686
SAT-90048,mist_synthetic,0.040379811091445755
SAT-90049,mist_synthetic,0.04075010526516259
SAT-90050,mist_synthetic,0.039037036933918114
SAT-90051,mist_synthetic,0.03593809988087021
SAT-90052,mist_synthetic,0.040710565810032184
SAT-90053,mist_synthetic,0.0388891945616986
SAT-90054,mist_synthetic,0.036587833767411884
SAT-90055,mist_synthetic,0.0374836887828673
SAT-90056,mist_synthetic,0.03722925989859083
SAT-90057,mist_synthetic,0.037913238753725056
SAT-90058,mist_synthetic,0.03810988308145963
SAT-90059,mist_synthetic,0.03515144132281672
SAT-90060,mist_synthetic,0.04116018572172042
SAT-90061,mist_synthetic,0.03616153621888106
SAT-90062,mist_synthetic,0.04029387936750636
SAT-90063,mist_synthetic,0.040286567540457015
SAT-90064,mist_synthetic,0.042141842444775396
SAT-90065,mist_synthetic,0.03927568386497721
SAT-90066,mist_synthetic,0.04380985768204786
SAT-90067,mist_synthetic,0.04149797820676842
SAT-90068,mist_synthetic,0.03740241197131608
SAT-90069,mist_synthetic,0.03891055176571577
SAT-90070,mist_synthetic,0.03883520103285853
SAT-90071,mist_synthetic,0.033901897227937794
SAT-90072,mist_synthetic,0.03572624410420209
SAT-90073,mist_synthetic,0.038785143322328214
SAT-90074,mist_synthetic,0.04029174129745739
SAT-90075,mist_synthetic,0.037345507496195605
SAT-90076,mist_synthetic,0.0382754471818831
SAT-90077,mist_synthetic,0.04078117091479897
SAT-90078,mist_synthetic,0.04055932259580785
SAT-90079,mist_synthetic,0.03867852543158921
SAT-90080,mist_synthetic,0.04026859065406635
SAT-90081,mist_synthetic,0.03721018706743004
SAT-90082,mist_synthetic,0.03732937760469934
SAT-90083,mist_synthetic,0.0389048601208183
SAT-90084,mist_synthetic,0.03957380201084692
SAT-90085,mist_synthetic,0.035083154337252564
SAT-90086,mist_synthetic,0.03749155338677894
SAT-90087,mist_synthetic,0.03877920265832946
SAT-90088,mist_synthetic,0.0380883656767299
SAT-90089,mist_synthetic,0.03606377392237072
SAT-90090,mist_synthetic,0.04209754524822073
SAT-90091,mist_synthetic,0.03743714998361003
SAT-90092,mist_synthetic,0.03658388618367109
SAT-90093,mist_synthetic,0.03743426122628692
SAT-90094,mist_synthetic,0.03798974011868782
SAT-90095,mist_synthetic,0.038158668093137574
SAT-90096,mist_synthetic,0.0397898908506376
SAT-90097,mist_synthetic,0.036940466777137
SAT-90098,mist_synthetic,0.0388665932222439
SAT-90099,mist_synthetic,0.037418181012292225
SAT-90100,mist_synthetic,0.03763827826607986
SAT-90101,mist_synthetic,0.034402406763270284
SAT-90102,mist_synthetic,0.03651702010268617
SAT-90103,mist_synthetic,0.0376495793047272
SAT-90104,mist_synthetic,0.03632821898363083
SAT-90105,mist_synthetic,0.03699922020252065
SAT-90106,mist_synthetic,0.03873243601592955
SAT-90107,mist_synthetic,0.03786746915956526
SAT-90108,mist_synthetic,0.036802085202196244
SAT-90109,mist_synthetic,0.037716061701309984
SAT-90110,mist_synthetic,0.0384258589240374
SAT-90111,mist_synthetic,0.033589368457808626
SAT-90112,mist_synthetic,0.0394913625954746
SAT-90113,mist_synthetic,0.037403503699116956
SAT-90114,mist_synthetic,0.03832869261758204
SAT-90115,mist_synthetic,0.034044839746665494
SAT-90116,mist_synthetic,0.03430292386524709
SAT-90117,mist_synthetic,0.03676229399951003
SAT-90118,mist_synthetic,0.03545817897361374
SAT-90119,mist_synthetic,0.038678269372798335
SAT-90120,mist_synthetic,0.041473377744676104
SAT-90121,mist_synthetic,0.03544014363765163
SAT-90122,mist_synthetic,0.03281705611906953
SAT-90123,mist_synthetic,0.038509624135237126
SAT-90124,mist_synthetic,0.03526315415052803
SAT-90125,mist_synthetic,0.03608787575566484
SAT-90126,mist_synthetic,0.03697496246894041
SAT-90127,mist_synthetic,0.03942074969674258
SAT-90128,mist_synthetic,0.036807012688965246
SAT-90129,mist_synthetic,0.03666833049079467
SAT-90130,mist_synthetic,0.03640438494364754
SAT-90131,mist_synthetic,0.03732708900876216
SAT-90132,mist_synthetic,0.039754211629413234
SAT-90133,mist_synthetic,0.03748571919591863
SAT-90134,mist_synthetic,0.034629486870693046
SAT-90135,mist_synthetic,0.03615750440288076
SAT-90136,mist_synthetic,0.03574009792528012
SAT-90137,mist_synthetic,0.03739141864507865
SAT-90138,mist_synthetic,0.038265674129821486
SAT-90139,mist_synthetic,0.04059009191735479
SAT-90140,mist_synthetic,0.03954481445555819
SAT-90141,mist_synthetic,0.03984168928862838
SAT-90142,mist_synthetic,0.039499346236437145
SAT-90143,mist_synthetic,0.041218664334164844
SAT-90144,mist_synthetic,0.03772218910780675
SAT-90145,mist_synthetic,0.04039269910524082
SAT-90146,mist_synthetic,0.03769624248617887
SAT-90147,mist_synthetic,0.038023807210042816
SAT-90148,mist_synthetic,0.0385325821981575
SAT-90149,mist_synthetic,0.03769831028334448
SAT-90150,mist_synthetic,0.03895076008225305
SAT-90151,mist_synthetic,0.0384521423005038
SAT-90152,mist_synthetic,0.03717666681271847
SAT-90153,mist_synthetic,0.037011818215029225
SAT-90154,mist_synthetic,0.03960457539614708
SAT-90155,mist_synthetic,0.039431580087614194
SAT-90156,mist_synthetic,0.03779027704586719
SAT-90157,mist_synthetic,0.04085911832216143
SAT-90158,mist_synthetic,0.039940754670122376
SAT-90159,mist_synthetic,0.03862432528554633
SAT-90160,mist_synthetic,0.037025984736504036
SAT-90161,mist_synthetic,0.03943226371487729
SAT-90162,mist_synthetic,0.03841900565558343
SAT-90163,mist_synthetic,0.03487935512965553
SAT-90164,mist_synthetic,0.04189617231090214
SAT-90165,mist_synthetic,0.04327384452535303
SAT-90166,mist_synthetic,0.036474213723819475
SAT-90167,mist_synthetic,0.03784050341094623
SAT-90168,mist_synthetic,0.03944524309931175
SAT-90169,mist_synthetic,0.03730258329268978
SAT-90170,mist_synthetic,0.03748634125119116
SAT-90171,mist_synthetic,0.03971017262995925
SAT-90172,mist_synthetic,0.03916813606792647
SAT-90173,mist_synthetic,0.043098863231983
SAT-90174,mist_synthetic,0.0388151536428726
SAT-90175,mist_synthetic,0.03688138204878723
SAT-90176,mist_synthetic,0.03703282187726269
SAT-90177,mist_synthetic,0.04224264155665746
SAT-90178,mist_synthetic,0.036682017101979575
SAT-90179,mist_synthetic,0.038460429819097225
SAT-90180,mist_synthetic,0.042014707805486294
SAT-90181,mist_synthetic,0.03686235495657208
SAT-90182,mist_synthetic,0.03924071156549024
SAT-90183,mist_synthetic,0.03621991429998469
SAT-90184,mist_synthetic,0.03657048706636492
SAT-90185,mist_synthetic,0.03699016643281788
SAT-90186,mist_synthetic,0.03531910958455088
SAT-90187,mist_synthetic,0.038932263483398684
SAT-90188,mist_synthetic,0.03817263479789288
SAT-90189,mist_synthetic,0.03993269505557736
SAT-90190,mist_synthetic,0.039620133455800004
SAT-90191,mist_synthetic,0.03898849061089459
SAT-90192,mist_synthetic,0.03667467059526437
SAT-90193,mist_synthetic,0.037272557579564845
SAT-90194,mist_synthetic,0.036303628327910654
SAT-90195,mist_synthetic,0.03634565167137258
SAT-90196,mist_synthetic,0.03529768002135578
SAT-90197,mist_synthetic,0.04175985420121378
SAT-90198,mist_synthetic,0.03864677879163917
SAT-90199,mist_synthetic,0.036934375475878176
SAT-90200,mist_synthetic,0.03876656489388889
SAT-90201,mist_synthetic,0.036231358352284616
SAT-90202,mist_synthetic,0.04024065561623278
SAT-90203,mist_synthetic,0.03570819022295614
SAT-90204,mist_synthetic,0.03870224716517072
SAT-90205,mist_synthetic,0.0413280624386277
SAT-90206,mist_synthetic,0.03697068880762968
SAT-90207,mist_synthetic,0.0374283060768309
SAT-90208,mist_synthetic,0.035381413593612306
SAT-90209,mist_synthetic,0.03705615432171524
SAT-90210,mist_synthetic,0.037632231330827604
SAT-90211,mist_synthetic,0.03669075880504696
SAT-90212,mist_synthetic,0.03789988747782275
SAT-90213,mist_synthetic,0.038174387431904815
SAT-90214,mist_synthetic,0.037456531016663505
SAT-90215,mist_synthetic,0.036731570517748974
SAT-90216,mist_synthetic,0.03603247415701108
SAT-90217,mist_synthetic,0.04029340059292226
SAT-90218,mist_synthetic,0.0384358399413777
SAT-90219,mist_synthetic,0.041232552496291215
SAT-90220,mist_synthetic,0.036098892607152676
SAT-90221,mist_synthetic,0.03752690893194958
SAT-90222,mist_synthetic,0.04028659176466577
SAT-90223,mist_synthetic,0.03837969594219179
SAT-90224,mist_synthetic,0.04009799336328887
SAT-90225,mist_synthetic,0.04172126606131542
SAT-90226,mist_synthetic,0.03529891489592433
SAT-90227,mist_synthetic,0.03802295349968541
SAT-90228,mist_synthetic,0.036180190162205104
SAT-90229,mist_synthetic,0.04510483992481356
SAT-90230,mist_synthetic,0.039067460987508164
SAT-90231,mist_synthetic,0.03739295170646084
SAT-90232,mist_synthetic,0.03493792060591291
SAT-90233,mist_synthetic,0.04335996816952422
SAT-90234,mist_synthetic,0.0382487472659045
SAT-90235,mist_synthetic,0.034579212258222566
SAT-90236,mist_synthetic,0.03510207260647441
SAT-90237,mist_synthetic,0.041554031724011724
SAT-90238,mist_synthetic,0.0407265759789889
SAT-90239,mist_synthetic,0.03914721884265027
SAT-90240,mist_synthetic,0.03881825037078504
SAT-90241,mist_synthetic,0.03627783225314467
SAT-90242,mist_synthetic,0.04028591105228965
SAT-90243,mist_synthetic,0.03858727425882187
SAT-90244,mist_synthetic,0.03870978395444837
SAT-90245,mist_synthetic,0.036362368183808204
SAT-90246,mist_synthetic,0.03966629304495864
SAT-90247,mist_synthetic,0.03831624015184768
SAT-90248,mist_synthetic,0.03840672975032783
SAT-90249,mist_synthetic,0.04157220958132701
SAT-90250,mist_synthetic,0.03896920392047487
SAT-90251,mist_synthetic,0.0350650424670644
SAT-90252,mist_synthetic,0.036832232982849225
SAT-90253,mist_synthetic,0.04064482891257758
SAT-90254,mist_synthetic,0.037086859950350104
SAT-90255,mist_synthetic,0.03917985998631913
SAT-90256,mist_synthetic,0.03817905089644156
SAT-90257,mist_synthetic,0.042247263578323015
SAT-90258,mist_synthetic,0.0367336216978231
SAT-90259,mist_synthetic,0.04075202071404105
SAT-90260,mist_synthetic,0.040684034807028514
SAT-90261,mist_synthetic,0.040474579178006065
SAT-90262,mist_synthetic,0.03699656196345979
SAT-90263,mist_synthetic,0.038078043438324764
SAT-90264,mist_synthetic,0.03949970976468457
SAT-90265,mist_synthetic,0.03626289438758231
SAT-90266,mist_synthetic,0.04260596004917437
SAT-90267,mist_synthetic,0.03629147094843647
SAT-90268,mist_synthetic,0.036262862147150535
SAT-90269,mist_synthetic,0.038587999618793216
SAT-90270,mist_synthetic,0.037670440965512274
SAT-90271,mist_synthetic,0.041503664629849925
SAT-90272,mist_synthetic,0.037509359159076175
SAT-90273,mist_synthetic,0.03998810534089122
SAT-90274,mist_synthetic,0.040071139056058525
SAT-90275,mist_synthetic,0.04007967906272405
SAT-90276,mist_synthetic,0.03564549549549553
SAT-90277,mist_synthetic,0.03841358707151016
SAT-90278,mist_synthetic,0.03764367347284984
SAT-90279,mist_synthetic,0.03711644764553521
SAT-90280,mist_synthetic,0.04078671667378598
SAT-90281,mist_synthetic,0.038994842198686125
SAT-90282,mist_synthetic,0.040269649204819194
SAT-90283,mist_synthetic,0.03486079474678926
SAT-90284,mist_synthetic,0.039223981739888704
SAT-90285,mist_synthetic,0.038116887489965404
SAT-90286,mist_synthetic,0.03834456662049428
SAT-90287,mist_synthetic,0.04006784674406605
SAT-90288,mist_synthetic,0.03619869774973564
SAT-90289,mist_synthetic,0.036392759132425644
SAT-90290,mist_synthetic,0.038507332859954765
SAT-90291,mist_synthetic,0.03866530105601143
SAT-90292,mist_synthetic,0.03779220682783898
SAT-90293,mist_synthetic,0.037711417667107935
SAT-90294,mist_synthetic,0.040867751553239934
SAT-90295,mist_synthetic,0.039836681255061235
SAT-90296,mist_synthetic,0.036805437586401604
SAT-90297,mist_synthetic,0.04120134084150497
SAT-90298,mist_synthetic,0.04162566839708471
SAT-90299,mist_synthetic,0.037928932379199504
SAT-90300,mist_synthetic,0.035752911881280956
SAT-90301,mist_synthetic,0.03835352816441765
SAT-90302,mist_synthetic,0.04149582785349336
SAT-90303,mist_synthetic,0.03813169405748103
SAT-90304,mist_synthetic,0.03746420387627706
SAT-90305,mist_synthetic,0.040167824658930075
SAT-90306,mist_synthetic,0.03995733274895019
SAT-90307,mist_synthetic,0.03906276183905277
SAT-90308,mist_synthetic,0.03900325329417508
SAT-90309,mist_synthetic,0.03896730787151959
SAT-90310,mist_synthetic,0.041210341334046496
SAT-90311,mist_synthetic,0.03704079074320968
SAT-90312,mist_synthetic,0.039683349939590155
SAT-90313,mist_synthetic,0.03955286697552812
SAT-90314,mist_synthetic,0.04020669011315544
SAT-90315,mist_synthetic,0.04040357938746838
SAT-90316,mist_synthetic,0.0364856266567002
SAT-90317,mist_synthetic,0.0402494179849032
SAT-90318,mist_synthetic,0.03964757893869954
SAT-90319,mist_synthetic,0.037336345320081774
SAT-90320,mist_synthetic,0.03964567374751092
SAT-90321,mist_synthetic,0.037575201333639285
SAT-90322,mist_synthetic,0.03965990200190578
SAT-90323,mist_synthetic,0.03762767108452292
SAT-90324,mist_synthetic,0.037319102306460225
SAT-90325,mist_synthetic,0.037044665587059725
SAT-90326,mist_synthetic,0.04228393077318858
SAT-90327,mist_synthetic,0.04241017331697431
SAT-90328,mist_synthetic,0.0344747046962531
SAT-90329,mist_synthetic,0.036204318050446695
SAT-90330,mist_synthetic,0.039057224643189045
SAT-90331,mist_synthetic,0.03856065377905755
SAT-90332,mist_synthetic,0.03490476885303737
SAT-90333,mist_synthetic,0.03818322667040772
SAT-90334,mist_synthetic,0.03675060309092194
SAT-90335,mist_synthetic,0.03831260605235141
SAT-90336,mist_synthetic,0.042134477144822775
SAT-90337,mist_synthetic,0.03706430457912642
SAT-90338,mist_synthetic,0.0358890823337187
SAT-90339,mist_synthetic,0.03800468230859331
SAT-90340,mist_synthetic,0.03642081901447506
SAT-90341,mist_synthetic,0.03645110999387986
SAT-90342,mist_synthetic,0.04444513373754557
SAT-90343,mist_synthetic,0.03970703814130299
SAT-90344,mist_synthetic,0.03708951640393274
SAT-90345,mist_synthetic,0.03893745070341674
SAT-90346,mist_synthetic,0.03754541369320461
SAT-90347,mist_synthetic,0.03691613779626237
SAT-90348,mist_synthetic,0.03511500796970097
SAT-90349,mist_synthetic,0.03905023256378774
SAT-90350,mist_synthetic,0.039591431623417994
SAT-90351,mist_synthetic,0.03728483085296629
SAT-90352,mist_synthetic,0.03776165258183363
SAT-90353,mist_synthetic,0.036356486184778054
SAT-90354,mist_synthetic,0.03654412487138193
SAT-90355,mist_synthetic,0.03755340657663886
SAT-90356,mist_synthetic,0.03523316377842818
SAT-90357,mist_synthetic,0.03888380765612975
SAT-90358,mist_synthetic,0.03654581835067351
SAT-90359,mist_synthetic,0.04179887567267898
SAT-90360,mist_synthetic,0.04042722340792952
SAT-90361,mist_synthetic,0.03858913394477365
SAT-90362,mist_synthetic,0.03639849069639849
SAT-90363,mist_synthetic,0.03940343448394871
SAT-90364,mist_synthetic,0.04076205628601359
SAT-90365,mist_synthetic,0.03542846428789357
SAT-90366,mist_synthetic,0.03955679361925435
SAT-90367,mist_synthetic,0.04047801939878417
SAT-90368,mist_synthetic,0.03920184993833158
SAT-90369,mist_synthetic,0.03917172789080019
SAT-90370,mist_synthetic,0.03667999168868277
SAT-90371,mist_synthetic,0.03985480351035378
SAT-90372,mist_synthetic,0.03838086962238884
SAT-90373,mist_synthetic,0.03863632914092988
SAT-90374,mist_synthetic,0.03973990013081796
SAT-90375,mist_synthetic,0.041468497466292754
SAT-90376,mist_synthetic,0.03924590337936331
SAT-90377,mist_synthetic,0.041077081376949015
SAT-90378,mist_synthetic,0.03670693334384822
SAT-90379,mist_synthetic,0.043441922092780465
SAT-90380,mist_synthetic,0.036576002103081574
SAT-90381,mist_synthetic,0.03592214119048711
SAT-90382,mist_synthetic,0.03881231558451024
SAT-90383,mist_synthetic,0.03949692513761396
SAT-90384,mist_synthetic,0.03869395439656615
SAT-90385,mist_synthetic,0.039930930219496126
SAT-90386,mist_synthetic,0.03733097391508342
SAT-90387,mist_synthetic,0.03738529599852896
SAT-90388,mist_synthetic,0.04052967752451181
SAT-90389,mist_synthetic,0.03742316073175268
SAT-90390,mist_synthetic,0.03646334832804504
SAT-90391,mist_synthetic,0.038229771240831864
SAT-90392,mist_synthetic,0.039730433745687146
SAT-90393,mist_synthetic,0.04013166102888996
SAT-90394,mist_synthetic,0.04107986937669738
SAT-90395,mist_synthetic,0.03728986148986511
SAT-90396,mist_synthetic,0.04433715702531927
SAT-90397,mist_synthetic,0.0402687100028367
SAT-90398,mist_synthetic,0.04530895749422875
SAT-90399,mist_synthetic,0.037083064622017395
SAT-90400,mist_synthetic,0.0378139107275157
SAT-90401,mist_synthetic,0.04174735729704064
SAT-90402,mist_synthetic,0.040203532316284686
SAT-90403,mist_synthetic,0.038245873879478295
SAT-90404,mist_synthetic,0.03728832966833513
SAT-90405,mist_synthetic,0.037570038811874706
SAT-90406,mist_synthetic,0.03716887340001025
SAT-90407,mist_synthetic,0.03926528268241625
SAT-90408,mist_synthetic,0.04152120795223402
SAT-90409,mist_synthetic,0.03956224884633269
SAT-90410,mist_synthetic,0.04229673006051792
SAT-90411,mist_synthetic,0.032865783374674495
SAT-90412,mist_synthetic,0.040154694707098246
SAT-90413,mist_synthetic,0.04078506322369831
SAT-90414,mist_synthetic,0.03719097072307068
SAT-90415,mist_synthetic,0.040751137444341105
SAT-90416,mist_synthetic,0.042169438265446405
SAT-90417,mist_synthetic,0.036204127536144326
SAT-90418,mist_synthetic,0.03819360554666989
SAT-90419,mist_synthetic,0.03881973929120363
SAT-90420,mist_synthetic,0.04025474794627029
SAT-90421,mist_synthetic,0.03535559668890666
SAT-90422,mist_synthetic,0.04175813656140454
SAT-90423,mist_synthetic,0.03710958992855235
SAT-90424,mist_synthetic,0.041338777985499627
SAT-90425,mist_synthetic,0.036391682611595526
SAT-90426,mist_synthetic,0.03616799706505959
SAT-90427,mist_synthetic,0.040708295486065374
SAT-90428,mist_synthetic,0.037756286795996276
SAT-90429,mist_synthetic,0.03859989372938309
SAT-90430,mist_synthetic,0.037533329834055426
SAT-90431,mist_synthetic,0.04190441580792009
SAT-90432,mist_synthetic,0.037684451644259306
SAT-90433,mist_synthetic,0.03464132928856378
SAT-90434,mist_synthetic,0.0419886317632857
SAT-90435,mist_synthetic,0.034819192581977514
SAT-90436,mist_synthetic,0.03659343218995982
SAT-90437,mist_synthetic,0.04254932588229768
SAT-90438,mist_synthetic,0.0426834268713551
SAT-90439,mist_synthetic,0.04194168128801612
SAT-90440,mist_synthetic,0.042168388601919016
SAT-90441,mist_synthetic,0.04050064955733328
SAT-90442,mist_synthetic,0.039442660513771495
SAT-90443,mist_synthetic,0.03981453176784246
SAT-90444,mist_synthetic,0.03715332207586492
SAT-90445,mist_synthetic,0.03955110362881252
SAT-90446,mist_synthetic,0.04194010495127592
SAT-90447,mist_synthetic,0.04069821874292335
SAT-90448,mist_synthetic,0.04187823085524632
SAT-90449,mist_synthetic,0.039478552304921935
SAT-90450,mist_synthetic,0.04496899836403595
SAT-90451,mist_synthetic,0.04021310955261176
SAT-90452,mist_synthetic,0.034365841023161474
SAT-90453,mist_synthetic,0.04100777636029469
SAT-90454,mist_synthetic,0.04245583130759466
SAT-90455,mist_synthetic,0.043635316545113316
SAT-90456,mist_synthetic,0.04092643450763077
SAT-90457,mist_synthetic,0.039991533079702164
SAT-90458,mist_synthetic,0.04271464301731085
SAT-90459,mist_synthetic,0.040016776346040575
SAT-90460,mist_synthetic,0.03833131553979438
SAT-90461,mist_synthetic,0.04367560190353693
SAT-90462,mist_synthetic,0.040783335367609475
SAT-90463,mist_synthetic,0.03999515954936028
SAT-90464,mist_synthetic,0.04019940226898157
SAT-90465,mist_synthetic,0.03804033619812382
SAT-90466,mist_synthetic,0.042323398962152405
SAT-90467,mist_synthetic,0.04152522818594307
SAT-90468,mist_synthetic,0.04220319457484508
SAT-90469,mist_synthetic,0.03939556350415537
SAT-90470,mist_synthetic,0.040044969700327136
SAT-90471,mist_synthetic,0.04247595364462056
SAT-90472,mist_synthetic,0.042634933641181864
SAT-90473,mist_synthetic,0.03927194369984839
SAT-90474,mist_synthetic,0.04522249381371647
SAT-90475,mist_synthetic,0.04558333204023867
SAT-90476,mist_synthetic,0.04125041705579126
SAT-90477,mist_synthetic,0.044892982842181454
SAT-90478,mist_synthetic,0.04431223424029458
SAT-90479,mist_synthetic,0.0447464977027111
SAT-90480,mist_synthetic,0.04447243650205337
SAT-90481,mist_synthetic,0.04053074145135993
SAT-90482,mist_synthetic,0.03736497319699454
SAT-90483,mist_synthetic,0.04468052145047479
SAT-90484,mist_synthetic,0.03474801430662778
SAT-90485,mist_synthetic,0.04015265389900046
SAT-90486,mist_synthetic,0.03944682842886955
SAT-90487,mist_synthetic,0.04235618634551914
SAT-90488,mist_synthetic,0.039602932027543204
SAT-90489,mist_synthetic,0.04594590950601788
SAT-90490,mist_synthetic,0.04023930482827394
SAT-90491,mist_synthetic,0.040310975881882476
SAT-90492,mist_synthetic,0.03746550551129641
SAT-90493,mist_synthetic,0.039453561029969594
SAT-90494,mist_synthetic,0.04310191227228493
SAT-90495,mist_synthetic,0.03815838089392988
SAT-90496,mist_synthetic,0.04064277458836594
SAT-90497,mist_synthetic,0.04275372413761462
SAT-90498,mist_synthetic,0.04054681426115077
SAT-90499,mist_synthetic,0.0414835347602016
SAT-90500,mist_synthetic,0.04041657604846531
SAT-90501,mist_synthetic,0.038643522033004286
SAT-90502,mist_synthetic,0.04106685078879224
SAT-90503,mist_synthetic,0.04336288821666738
SAT-90504,mist_synthetic,0.04396532227250683
SAT-90505,mist_synthetic,0.04310235042152358
SAT-90506,mist_synthetic,0.038620794549523024
SAT-90507,mist_synthetic,0.04123314261282766
SAT-90508,mist_synthetic,0.036945640735215536
SAT-90509,mist_synthetic,0.03874793762584327
SAT-90510,mist_synthetic,0.0456601078522437
SAT-90511,mist_synthetic,0.04209447664108352
SAT-90512,mist_synthetic,0.041219381699111685
SAT-90513,mist_synthetic,0.039682728618773824
SAT-90514,mist_synthetic,0.0380354472440165
SAT-90515,mist_synthetic,0.03988139328278996
SAT-90516,mist_synthetic,0.03924097994000867
SAT-90517,mist_synthetic,0.03990347744673925
SAT-90518,mist_synthetic,0.03795554170892691
SAT-90519,mist_synthetic,0.040900946793848265
SAT-90520,mist_synthetic,0.03939383755298262
SAT-90521,mist_synthetic,0.04339247718282061
SAT-90522,mist_synthetic,0.03795735736176539
SAT-90523,mist_synthetic,0.04295321907777898
SAT-90524,mist_synthetic,0.03840683255948039
SAT-90525,mist_synthetic,0.043083166944402417
SAT-90526,mist_synthetic,0.038459884402085885
SAT-90527,mist_synthetic,0.0398900632837809
SAT-90528,mist_synthetic,0.03779424601999737
SAT-90529,mist_synthetic,0.03710750508185756
SAT-90530,mist_synthetic,0.041800417708503027
SAT-90531,mist_synthetic,0.03766107164256554
SAT-90532,mist_synthetic,0.03907413825053488
SAT-90533,mist_synthetic,0.03602905462947224
SAT-90534,mist_synthetic,0.044278705913493165
SAT-90535,mist_synthetic,0.03759729631026865
SAT-90536,mist_synthetic,0.03930685110846798
SAT-90537,mist_synthetic,0.03549262552455399
SAT-90538,mist_synthetic,0.03661345359889649
SAT-90539,mist_synthetic,0.0412941933992569
SAT-90540,mist_synthetic,0.040922732777653195
SAT-90541,mist_synthetic,0.03953617760901531
SAT-90542,mist_synthetic,0.038514951475136734
SAT-90543,mist_synthetic,0.04158915916349463
SAT-90544,mist_synthetic,0.04005517465651186
SAT-90545,mist_synthetic,0.03936689557010566
SAT-90546,mist_synthetic,0.038058119667406895
SAT-90547,mist_synthetic,0.04124714128683471
SAT-90548,mist_synthetic,0.0393693920709459
SAT-90549,mist_synthetic,0.03967916794534286
SAT-90550,mist_synthetic,0.03951808911978896
SAT-90551,mist_synthetic,0.03952915948482362
SAT-90552,mist_synthetic,0.039454417351910936
SAT-90553,mist_synthetic,0.03719471347173925
SAT-90554,mist_synthetic,0.040291907300232715
SAT-90555,mist_synthetic,0.04019129574869092
SAT-90556,mist_synthetic,0.037686182155852385
SAT-90557,mist_synthetic,0.038379089789408315
SAT-90558,mist_synthetic,0.03791202998132401
SAT-90559,mist_synthetic,0.04082395117620324
SAT-90560,mist_synthetic,0.03941710799630281
SAT-90561,mist_synthetic,0.042958801982991394
SAT-90562,mist_synthetic,0.03724255991931284
SAT-90563,mist_synthetic,0.040127753816043846
SAT-90564,mist_synthetic,0.039434616478101495
SAT-90565,mist_synthetic,0.036835812980347896
SAT-90566,mist_synthetic,0.03320772870797115
SAT-90567,mist_synthetic,0.038743526582064494
SAT-90568,mist_synthetic,0.037757250616770814
SAT-90569,mist_synthetic,0.038345670724074854
SAT-90570,mist_synthetic,0.040056817169555566
SAT-90571,mist_synthetic,0.03866751983550956
SAT-90572,mist_synthetic,0.0390395409783037
SAT-90573,mist_synthetic,0.038450078857950015
SAT-90574,mist_synthetic,0.04013566132065276
SAT-90575,mist_synthetic,0.0341418850206891
SAT-90576,mist_synthetic,0.037325041172773576
SAT-90577,mist_synthetic,0.03768435208880236
SAT-90578,mist_synthetic,0.04158670906093311
SAT-90579,mist_synthetic,0.03579255190946502
SAT-90580,mist_synthetic,0.033646746713769965
SAT-90581,mist_synthetic,0.03795390220222568
SAT-90582,mist_synthetic,0.03707730362976103
SAT-90583,mist_synthetic,0.03910764422830326
SAT-90584,mist_synthetic,0.039230099435891154
SAT-90585,mist_synthetic,0.039123062867290975
SAT-90586,mist_synthetic,0.037529627356699895
SAT-90587,mist_synthetic,0.040297043853609965
SAT-90588,mist_synthetic,0.038066249264230065
SAT-90589,mist_synthetic,0.035738672967861235
SAT-90590,mist_synthetic,0.038486246924027745
SAT-90591,mist_synthetic,0.04161991545637621
SAT-90592,mist_synthetic,0.03836279581503853
SAT-90593,mist_synthetic,0.036142897225556136
SAT-90594,mist_synthetic,0.03980019437392751
SAT-90595,mist_synthetic,0.03469797867808363
SAT-90596,mist_synthetic,0.040969411718680245
SAT-90597,mist_synthetic,0.03876292748051094
SAT-90598,mist_synthetic,0.04144371710135911
SAT-90599,mist_synthetic,0.03890531252872373
SAT-90600,mist_synthetic,0.039075287402111976
SAT-90601,mist_synthetic,0.03653769457966743
SAT-90602,mist_synthetic,0.04190765622736722
SAT-90603,mist_synthetic,0.037366374369369265
SAT-90604,mist_synthetic,0.03832264017250452
SAT-90605,mist_synthetic,0.03931983489285442
SAT-90606,mist_synthetic,0.04010901239085347
SAT-90607,mist_synthetic,0.03841524967632113
SAT-90608,mist_synthetic,0.034015282189977174
SAT-90609,mist_synthetic,0.037411952450904694
SAT-90610,mist_synthetic,0.03811225692924682
SAT-90611,mist_synthetic,0.03849991772013673
SAT-90612,mist_synthetic,0.03895394098597137
SAT-90613,mist_synthetic,0.036473543078061964
SAT-90614,mist_synthetic,0.03672902490630692
SAT-90615,mist_synthetic,0.038444431091565485
SAT-90616,mist_synthetic,0.039179601023962896
SAT-90617,mist_synthetic,0.038000716144162686
SAT-90618,mist_synthetic,0.03609704002118043
SAT-90619,mist_synthetic,0.041017023783417636
SAT-90620,mist_synthetic,0.038995122913052065
SAT-90621,mist_synthetic,0.03789114342205985
SAT-90622,mist_synthetic,0.03490663928902962
SAT-90623,mist_synthetic,0.03722701767583027
SAT-90624,mist_synthetic,0.03626865436013717
SAT-90625,mist_synthetic,0.0396119033639491
SAT-90626,mist_synthetic,0.03342765993753088
SAT-90627,mist_synthetic,0.035636847962621086
SAT-90628,mist_synthetic,0.03610684581701966
SAT-90629,mist_synthetic,0.03454758976471038
SAT-90630,mist_synthetic,0.036263593869812906
SAT-90631,mist_synthetic,0.036628487226901055
SAT-90632,mist_synthetic,0.03789349591446617
SAT-90633,mist_synthetic,0.03651685794461145
SAT-90634,mist_synthetic,0.03636588857269602
SAT-90635,mist_synthetic,0.03714928054243156
SAT-90636,mist_synthetic,0.03860577673280942
SAT-90637,mist_synthetic,0.036120203732724336
SAT-90638,mist_synthetic,0.03676551985596771
SAT-90639,mist_synthetic,0.03950605422025066
SAT-90640,mist_synthetic,0.037011183292387596
SAT-90641,mist_synthetic,0.032182902340724934
SAT-90642,mist_synthetic,0.0390268886381362
SAT-90643,mist_synthetic,0.0386974265206056
SAT-90644,mist_synthetic,0.03580750857889623
SAT-90645,mist_synthetic,0.03656423798226722
SAT-90646,mist_synthetic,0.03970785726252407
SAT-90647,mist_synthetic,0.03962209404193635
SAT-90648,mist_synthetic,0.035218687785102606
SAT-90649,mist_synthetic,0.03808214272324113
SAT-90650,mist_synthetic,0.03550453172863921
SAT-90651,mist_synthetic,0.038738745822363356
SAT-90652,mist_synthetic,0.03677449930762082
SAT-90653,mist_synthetic,0.037469737852918836
SAT-90654,mist_synthetic,0.038028385814229654
SAT-90655,mist_synthetic,0.03576487537972586
SAT-90656,mist_synthetic,0.03487112144325007
SAT-90657,mist_synthetic,0.03447382489363096
SAT-90658,mist_synthetic,0.0361697370638769
SAT-90659,mist_synthetic,0.037536034495406795
SAT-90660,mist_synthetic,0.03581477017954079
SAT-90661,mist_synthetic,0.03716263185163571
SAT-90662,mist_synthetic,0.037348017708114675
SAT-90663,mist_synthetic,0.03522046224897965
SAT-90664,mist_synthetic,0.03626042292278507
SAT-90665,mist_synthetic,0.034860983867688114
SAT-90666,mist_synthetic,0.03682897537301071
SAT-90667,mist_synthetic,0.033659028505123444
SAT-90668,mist_synthetic,0.03524404203705635
SAT-90669,mist_synthetic,0.03648150398790621
SAT-90670,mist_synthetic,0.03430990504658972
SAT-90671,mist_synthetic,0.03492370179610728
SAT-90672,mist_synthetic,0.036017592060829065
SAT-90673,mist_synthetic,0.03798077509193081
SAT-90674,mist_synthetic,0.03519330010318051
SAT-90675,mist_synthetic,0.03614826301151253
SAT-90676,mist_synthetic,0.035498235488264245
SAT-90677,mist_synthetic,0.03488855442086936
SAT-90678,mist_synthetic,0.035109077665306354
SAT-90679,mist_synthetic,0.033225264661125256
SAT-90680,mist_synthetic,0.03574447470788497
SAT-90681,mist_synthetic,0.03627468468468473
SAT-90682,mist_synthetic,0.035568042780736796
SAT-90683,mist_synthetic,0.03445146261198567
SAT-90684,mist_synthetic,0.03490433771097884
SAT-90685,mist_synthetic,0.03517555992092589
SAT-90686,mist_synthetic,0.035274616614334744
SAT-90687,mist_synthetic,0.03537810401206458
SAT-90688,mist_synthetic,0.03544752483710905
SAT-90689,mist_synthetic,0.036980266476510905
SAT-90690,mist_synthetic,0.0356161036491637
SAT-90691,mist_synthetic,0.03617106621903988
SAT-90692,mist_synthetic,0.03662241738701235
SAT-90693,mist_synthetic,0.036783585821400885
SAT-90694,mist_synthetic,0.034282633542022045
SAT-90695,mist_synthetic,0.03408979150485449
SAT-90696,mist_synthetic,0.03461274839504231
SAT-90697,mist_synthetic,0.03636854892211799
SAT-90698,mist_synthetic,0.03358347781445775
SAT-90699,mist_synthetic,0.03555767439044233
SAT-90700,mist_synthetic,0.03228097145959156
SAT-90701,mist_synthetic,0.038239334474968946
SAT-90702,mist_synthetic,0.038282957099395235
SAT-90703,mist_synthetic,0.03511520702333885
SAT-90704,mist_synthetic,0.036612159361962764
SAT-90705,mist_synthetic,0.03520976523530509
SAT-90706,mist_synthetic,0.034514341563480086
SAT-90707,mist_synthetic,0.04064300125880604
SAT-90708,mist_synthetic,0.03524076961559016
SAT-90709,mist_synthetic,0.03540713473330045
SAT-90710,mist_synthetic,0.03361212664095986
SAT-90711,mist_synthetic,0.03456207916788657
SAT-90712,mist_synthetic,0.03690305392422934
SAT-90713,mist_synthetic,0.034193231261235094
SAT-90714,mist_synthetic,0.036562060658239456
SAT-90715,mist_synthetic,0.03445385922564298
SAT-90716,mist_synthetic,0.03846591653996348
SAT-90717,mist_synthetic,0.037151485820376966
SAT-90718,mist_synthetic,0.0360066688128516
SAT-90719,mist_synthetic,0.03567336751012368
SAT-90720,mist_synthetic,0.035254837972418275
SAT-90721,mist_synthetic,0.034630705009914046
SAT-90722,mist_synthetic,0.03570568973864161
SAT-90723,mist_synthetic,0.036830036135179336
SAT-90724,mist_synthetic,0.03699966010843204
SAT-90725,mist_synthetic,0.0372005213990479
SAT-90726,mist_synthetic,0.03582519357963068
SAT-90727,mist_synthetic,0.03370859681447005
SAT-90728,mist_synthetic,0.03634274624382849
SAT-90729,mist_synthetic,0.037314764401418024
SAT-90730,mist_synthetic,0.03660956875406289
SAT-90731,mist_synthetic,0.036887355384809854
SAT-90732,mist_synthetic,0.035255775759756906
SAT-90733,mist_synthetic,0.03554442144557819
SAT-90734,mist_synthetic,0.03390711600662567
SAT-90735,mist_synthetic,0.03823128696678627
SAT-90736,mist_synthetic,0.03730995397858766
SAT-90737,mist_synthetic,0.032557958873901796
SAT-90738,mist_synthetic,0.038100161984200874
SAT-90739,mist_synthetic,0.037848003949155225
SAT-90740,mist_synthetic,0.03757697069694054
SAT-90741,mist_synthetic,0.036480931045925334
SAT-90742,mist_synthetic,0.03741100799913265
SAT-90743,mist_synthetic,0.03575130714819969
SAT-90744,mist_synthetic,0.03579879429335792
SAT-90745,mist_synthetic,0.03782398492181424
SAT-90746,mist_synthetic,0.03548185676263317
SAT-90747,mist_synthetic,0.03499182279080116
SAT-90748,mist_synthetic,0.03547911863265928
SAT-90749,mist_synthetic,0.03786749451147734
SAT-90750,mist_synthetic,0.033632933789042356
SAT-90751,mist_synthetic,0.03716064773498259
SAT-90752,mist_synthetic,0.03600111769650956
SAT-90753,mist_synthetic,0.036253364644848206
SAT-90754,mist_synthetic,0.03630251568676069
SAT-90755,mist_synthetic,0.0365491792641099
SAT-90756,mist_synthetic,0.03600986671465263
SAT-90757,mist_synthetic,0.03579080110121592
SAT-90758,mist_synthetic,0.03853250628570335
SAT-90759,mist_synthetic,0.038417650823142156
SAT-90760,mist_synthetic,0.03806889061208808
SAT-90761,mist_synthetic,0.03681756966903651
SAT-90762,mist_synthetic,0.03818302477020205
SAT-90763,mist_synthetic,0.03539320295417757
SAT-90764,mist_synthetic,0.03590645183284566
SAT-90765,mist_synthetic,0.035811313367943146
SAT-90766,mist_synthetic,0.03415440290956953
SAT-90767,mist_synthetic,0.0355769830458011
SAT-90768,mist_synthetic,0.03904837779448141
SAT-90769,mist_synthetic,0.03509252620625418
SAT-90770,mist_synthetic,0.03685723469942428
SAT-90771,mist_synthetic,0.03734318071152208
SAT-90772,mist_synthetic,0.03562617661494522
SAT-90773,mist_synthetic,0.03682359276864331
SAT-90774,mist_synthetic,0.03610351447726894
SAT-90775,mist_synthetic,0.03676948958696114
SAT-90776,mist_synthetic,0.03578821498259815
SAT-90777,mist_synthetic,0.03342888042175303
SAT-90778,mist_synthetic,0.03660982464886842
SAT-90779,mist_synthetic,0.03498156554330343
SAT-90780,mist_synthetic,0.034662933567046604
SAT-90781,mist_synthetic,0.03717795265628379
SAT-90782,mist_synthetic,0.03643986820057008
SAT-90783,mist_synthetic,0.03411399065424533
SAT-90784,mist_synthetic,0.037066040585306485
SAT-90785,mist_synthetic,0.03591310752695865
SAT-90786,mist_synthetic,0.03632012025269841
SAT-90787,mist_synthetic,0.034891591177458665
SAT-90788,mist_synthetic,0.035045899632937166
SAT-90789,mist_synthetic,0.03514834390882564
SAT-90790,mist_synthetic,0.03303861430306598
SAT-90791,mist_synthetic,0.037184530086671344
SAT-90792,mist_synthetic,0.03472505398790959
SAT-90793,mist_synthetic,0.03576898570523634
SAT-90794,mist_synthetic,0.036423547470198624
SAT-90795,mist_synthetic,0.037447935084475734
SAT-90796,mist_synthetic,0.032997413556011386
SAT-90797,mist_synthetic,0.03502411625364065
SAT-90798,mist_synthetic,0.03276482339052236
SAT-90799,mist_synthetic,0.03439364030368168
SAT-90800,mist_synthetic,0.0352094442636446
SAT-90801,mist_synthetic,0.03635527832337696
SAT-90802,mist_synthetic,0.032248235446833105
SAT-90803,mist_synthetic,0.03222623284976562
SAT-90804,mist_synthetic,0.03383485852150636
SAT-90805,mist_synthetic,0.037560456205764696
SAT-90806,mist_synthetic,0.03562165539839221
SAT-90807,mist_synthetic,0.03425284424391754
SAT-90808,mist_synthetic,0.03423391366061463
SAT-90809,mist_synthetic,0.03751339313942574
SAT-90810,mist_synthetic,0.03367132969826474
SAT-90811,mist_synthetic,0.03374419229348541
SAT-90812,mist_synthetic,0.03391208120186795
SAT-90813,mist_synthetic,0.03729199816243975
SAT-90814,mist_synthetic,0.034666680719745886
SAT-90815,mist_synthetic,0.03459915789159067
SAT-90816,mist_synthetic,0.03306232035942087
SAT-90817,mist_synthetic,0.032953899986468964
SAT-90818,mist_synthetic,0.03676718809681596
SAT-90819,mist_synthetic,0.03900368300415706
SAT-90820,mist_synthetic,0.032006281540499254
SAT-90821,mist_synthetic,0.03323916636681026
SAT-90822,mist_synthetic,0.038022783746304904
SAT-90823,mist_synthetic,0.03607435693064149
SAT-90824,mist_synthetic,0.03533090090090093
SAT-90825,mist_synthetic,0.036012552681098174
SAT-90826,mist_synthetic,0.035280422481917116
SAT-90827,mist_synthetic,0.035645495495495526
SAT-90828,mist_synthetic,0.03410201149700224
SAT-90829,mist_synthetic,0.035088948448821565
SAT-90830,mist_synthetic,0.0344135058116147
SAT-90831,mist_synthetic,0.036511570721045494
SAT-90832,mist_synthetic,0.035098944088972205
SAT-90833,mist_synthetic,0.031753898879051334
SAT-90834,mist_synthetic,0.035923858268325434
SAT-90835,mist_synthetic,0.0361546705570197
SAT-90836,mist_synthetic,0.034621584250025726
SAT-90837,mist_synthetic,0.03733635983517412
SAT-90838,mist_synthetic,0.03650614862065275
SAT-90839,mist_synthetic,0.03539659161466961
SAT-90840,mist_synthetic,0.034390534092512394
SAT-90841,mist_synthetic,0.034456593462587504
SAT-90842,mist_synthetic,0.03348305183490089
SAT-90843,mist_synthetic,0.036188854759004796
SAT-90844,mist_synthetic,0.034702299782242485
SAT-90845,mist_synthetic,0.03563292453420949
SAT-90846,mist_synthetic,0.0338620506877544
SAT-90847,mist_synthetic,0.03459501121506583
SAT-90848,mist_synthetic,0.03732140913248962
SAT-90849,mist_synthetic,0.036715835343367705
SAT-90850,mist_synthetic,0.034642808419249785
SAT-90851,mist_synthetic,0.03358364134820015
SAT-90852,mist_synthetic,0.037394303432422255
SAT-90853,mist_synthetic,0.03512190691568685
SAT-90854,mist_synthetic,0.036659099991878795
SAT-90855,mist_synthetic,0.03610767527456354
SAT-90856,mist_synthetic,0.03492605465317455
SAT-90857,mist_synthetic,0.0333118591581129
SAT-90858,mist_synthetic,0.035544883233846025
SAT-90859,mist_synthetic,0.03719833252944978
SAT-90860,mist_synthetic,0.035430430448324966
SAT-90861,mist_synthetic,0.03409701605841121
SAT-90862,mist_synthetic,0.031201003900882564
SAT-90863,mist_synthetic,0.03447188446269066
SAT-90864,mist_synthetic,0.03599998183188129
SAT-90865,mist_synthetic,0.033513874736168285
SAT-90866,mist_synthetic,0.03713572556903259
SAT-90867,mist_synthetic,0.032747168468200735
SAT-90868,mist_synthetic,0.037051745278935254
SAT-90869,mist_synthetic,0.03864928708368077
SAT-90870,mist_synthetic,0.03326994949249745
SAT-90871,mist_synthetic,0.03911510974871721
SAT-90872,mist_synthetic,0.03697856936013119
SAT-90873,mist_synthetic,0.037093058075333016
SAT-90874,mist_synthetic,0.03684215652646301
SAT-90875,mist_synthetic,0.03471368918384176
SAT-90876,mist_synthetic,0.03675210432866192
SAT-90877,mist_synthetic,0.0350394695789654
SAT-90878,mist_synthetic,0.0378155270336102
SAT-90879,mist_synthetic,0.03600050823480942
SAT-90880,mist_synthetic,0.03553737268538592
SAT-90881,mist_synthetic,0.035488198198198234
SAT-90882,mist_synthetic,0.0389196151473797
SAT-90883,mist_synthetic,0.034283076727898695
SAT-90884,mist_synthetic,0.035716296113864454
SAT-90885,mist_synthetic,0.03440869563781599
SAT-90886,mist_synthetic,0.037072875045789044
SAT-90887,mist_synthetic,0.03353421608728888
SAT-90888,mist_synthetic,0.038684807472176286
SAT-90889,mist_synthetic,0.036529084811982165
SAT-90890,mist_synthetic,0.03439143096394903
SAT-90891,mist_synthetic,0.03323506817433898
SAT-90892,mist_synthetic,0.03616625965219329
SAT-90893,mist_synthetic,0.03375650855309983
SAT-90894,mist_synthetic,0.033924530084034
SAT-90895,mist_synthetic,0.03771614040228107
SAT-90896,mist_synthetic,0.035770745450429985
SAT-90897,mist_synthetic,0.036304436977407276
SAT-90898,mist_synthetic,0.037107240119072814
SAT-90899,mist_synthetic,0.035006059210328955
SAT-90900,mist_synthetic,0.04009558034018893
SAT-90901,mist_synthetic,0.034109367656566456
SAT-90902,mist_synthetic,0.03602239311290169
SAT-90903,mist_synthetic,0.03954496160616677
SAT-90904,mist_synthetic,0.0363074047760925
SAT-90905,mist_synthetic,0.03659127450152813
SAT-90906,mist_synthetic,0.03442544039471559
SAT-90907,mist_synthetic,0.03514909200132438
SAT-90908,mist_synthetic,0.03870962881235029
SAT-90909,mist_synthetic,0.03648152886094054
SAT-90910,mist_synthetic,0.0372184864782415
SAT-90911,mist_synthetic,0.0354637174895952
SAT-90912,mist_synthetic,0.0336780527452421
SAT-90913,mist_synthetic,0.0368314141525833
SAT-90914,mist_synthetic,0.039035669504690965
SAT-90915,mist_synthetic,0.03767327048463564
SAT-90916,mist_synthetic,0.0393296596988408
SAT-90917,mist_synthetic,0.033641633002161095
SAT-90918,mist_synthetic,0.04088710102175874
SAT-90919,mist_synthetic,0.0343895323756723
SAT-90920,mist_synthetic,0.03670831356671215
SAT-90921,mist_synthetic,0.037870021765591205
SAT-90922,mist_synthetic,0.040343406119578755
SAT-90923,mist_synthetic,0.037594155311926204
SAT-90924,mist_synthetic,0.03530098660650735
SAT-90925,mist_synthetic,0.038069269478172414
SAT-90926,mist_synthetic,0.033917181819869344
SAT-90927,mist_synthetic,0.03493853897651734
SAT-90928,mist_synthetic,0.03497413155595318
SAT-90929,mist_synthetic,0.03687774588346875
SAT-90930,mist_synthetic,0.03321605953881244
SAT-90931,mist_synthetic,0.03583454612392081
SAT-90932,mist_synthetic,0.038812391706526804
SAT-90933,mist_synthetic,0.03607706589232311
SAT-90934,mist_synthetic,0.03469213453493355
SAT-90935,mist_synthetic,0.037162678932422116
SAT-90936,mist_synthetic,0.036215156543968965
SAT-90937,mist_synthetic,0.03269367071157158
SAT-90938,mist_synthetic,0.03644297272099195
SAT-90939,mist_synthetic,0.03343660250569811
SAT-90940,mist_synthetic,0.03655876960687691
SAT-90941,mist_synthetic,0.03971064281137498
SAT-90942,mist_synthetic,0.034520591639638415
SAT-90943,mist_synthetic,0.035860688426270784
SAT-90944,mist_synthetic,0.03681169349141905
SAT-90945,mist_synthetic,0.038611581645608864
SAT-90946,mist_synthetic,0.036608616215555535
SAT-90947,mist_synthetic,0.03681318729869517
SAT-90948,mist_synthetic,0.03687843399974653
SAT-90949,mist_synthetic,0.04059852069683118
SAT-90950,mist_synthetic,0.037329300452672874
SAT-90951,mist_synthetic,0.03604622169843468
SAT-90952,mist_synthetic,0.03737519884615787
SAT-90953,mist_synthetic,0.03955744763789833
SAT-90954,mist_synthetic,0.038654587872049735
SAT-90955,mist_synthetic,0.03812856026568648
SAT-90956,mist_synthetic,0.0352829195652486
SAT-90957,mist_synthetic,0.03669901406832887
SAT-90958,mist_synthetic,0.039932782942130596
SAT-90959,mist_synthetic,0.03729846929130259
SAT-90960,mist_synthetic,0.036937122780508654
SAT-90961,mist_synthetic,0.03847232619210604
SAT-90962,mist_synthetic,0.03924552859894009
SAT-90963,mist_synthetic,0.0368519843233835
SAT-90964,mist_synthetic,0.03870483975918781
SAT-90965,mist_synthetic,0.03616986516947717
SAT-90966,mist_synthetic,0.03763192752005356
SAT-90967,mist_synthetic,0.03483346406838442
SAT-90968,mist_synthetic,0.03872093743669669
SAT-90969,mist_synthetic,0.035560586622300376
SAT-90970,mist_synthetic,0.03769362200734375
SAT-90971,mist_synthetic,0.03482782966213026
SAT-90972,mist_synthetic,0.035529829716286855
SAT-90973,mist_synthetic,0.03753496225764497
SAT-90974,mist_synthetic,0.03696979605966066
SAT-90975,mist_synthetic,0.0360946345312627
SAT-90976,mist_synthetic,0.03465355677085244
SAT-90977,mist_synthetic,0.034553273243202905
SAT-90978,mist_synthetic,0.03942029051859739
SAT-90979,mist_synthetic,0.037939106028990054
SAT-90980,mist_synthetic,0.038547553897768504
SAT-90981,mist_synthetic,0.036461126749567294
SAT-90982,mist_synthetic,0.03659892909220326
SAT-90983,mist_synthetic,0.03911652198046039
SAT-90984,mist_synthetic,0.036575189701363836
SAT-90985,mist_synthetic,0.036779091336324295
SAT-90986,mist_synthetic,0.037189818091516454
SAT-90987,mist_synthetic,0.0380764105030616
SAT-90988,mist_synthetic,0.03369106114029934
SAT-90989,mist_synthetic,0.03481655672872093
SAT-90990,mist_synthetic,0.03548345984034082
SAT-90991,mist_synthetic,0.037095060153595594
SAT-90992,mist_synthetic,0.03994699965992309
SAT-90993,mist_synthetic,0.03667356879180207
SAT-90994,mist_synthetic,0.040570628122639486
SAT-90995,mist_synthetic,0.038605430492161495
SAT-90996,mist_synthetic,0.04006771658356132
SAT-90997,mist_synthetic,0.04003459471236302
SAT-90998,mist_synthetic,0.034367556813486154
SAT-90999,mist_synthetic,0.03652847087750006
SAT-91000,mist_synthetic,0.03953633467775046
SAT-91001,mist_synthetic,0.037217154732834934
SAT-91002,mist_synthetic,0.0412235561704984
SAT-91003,mist_synthetic,0.03878564544932368
SAT-91004,mist_synthetic,0.03575846919127655
SAT-91005,mist_synthetic,0.03867491935846045
SAT-91006,mist_synthetic,0.03702546774000023
SAT-91007,mist_synthetic,0.03817375154008449
SAT-91008,mist_synthetic,0.03867674926746729
SAT-91009,mist_synthetic,0.040686100371646064
SAT-91010,mist_synthetic,0.04065245607852511
SAT-91011,mist_synthetic,0.043328357703308513
SAT-91012,mist_synthetic,0.039022298170014694
SAT-91013,mist_synthetic,0.03863069027778512
SAT-91014,mist_synthetic,0.037652116037392276
SAT-91015,mist_synthetic,0.039981104656122174
SAT-91016,mist_synthetic,0.04188131253635584
SAT-91017,mist_synthetic,0.037609988006375834
SAT-91018,mist_synthetic,0.0413658179120378
SAT-91019,mist_synthetic,0.0393853499280754
SAT-91020,mist_synthetic,0.036357943911674837
SAT-91021,mist_synthetic,0.04004301915163598
SAT-91022,mist_synthetic,0.038128602200622766
SAT-91023,mist_synthetic,0.039403019297368
SAT-91024,mist_synthetic,0.040477059849368606
SAT-91025,mist_synthetic,0.03816098651383263
SAT-91026,mist_synthetic,0.03623366148213419
SAT-91027,mist_synthetic,0.03967711462693105
SAT-91028,mist_synthetic,0.04639821694947705
SAT-91029,mist_synthetic,0.04114906407460633
SAT-91030,mist_synthetic,0.037637829797668054
SAT-91031,mist_synthetic,0.04378132444470409
SAT-91032,mist_synthetic,0.03853817717315986
SAT-91033,mist_synthetic,0.0410254499981005
SAT-91034,mist_synthetic,0.038914900867414344
SAT-91035,mist_synthetic,0.03568281485203884
SAT-91036,mist_synthetic,0.045760015797828686
SAT-91037,mist_synthetic,0.04191479600095066
SAT-91038,mist_synthetic,0.040982947336609704
SAT-91039,mist_synthetic,0.039637671335524496
SAT-91040,mist_synthetic,0.04238343564760309
SAT-91041,mist_synthetic,0.039116569890670576
